{"train/loss_rpn_cls": 0.08122922727838158, "train/loss_rpn_bbox": 0.05187378594934853, "train/s0.loss_cls": 0.41515144238993523, "train/s0.acc": 87.86875, "train/s0.loss_bbox": 0.21902809757506475, "train/s1.loss_cls": 0.19212795603694394, "train/s1.acc": 88.60044085693359, "train/s1.loss_bbox": 0.18521191373304463, "train/s2.loss_cls": 0.08456937009782996, "train/s2.acc": 89.81771479034424, "train/s2.loss_bbox": 0.08719044027908239, "train/loss": 1.3163822328038515, "learning_rate": 1e-05, "momentum": 0.9, "_runtime": 63391, "_timestamp": 1634116517, "_step": 82128, "val/bbox_mAP": 0.332, "val/bbox_mAP_50": 0.494, "val/bbox_mAP_75": 0.369, "val/bbox_mAP_s": 0.003, "val/bbox_mAP_m": 0.07, "val/bbox_mAP_l": 0.4}